source,headline
https://urdu.geo.tv/category/pakistan,ناکام سیاستدان سیاست چمکانےکیلئے نہروں کے معاملےکو ہوا دے رہے ہیں: احسن اقبال
https://urdu.geo.tv/category/pakistan,بنوں کینٹ حملے میں ہلاک 16 دہشتگردوں میں سے 2 افغان شہری نکلے
https://urdu.geo.tv/category/pakistan,وزیراعظم کی بلاول سے ملاقات، دریائے سندھ سے نہریں نکالنے کا معاملہ حل کرنے کی یقین دہانی کرادی
https://urdu.geo.tv/category/pakistan,سندھ حکومت کا سرکاری ملازمین کو عید سے قبل رواں ماہ کی تنخواہ دینے کا اعلان
https://urdu.geo.tv/category/pakistan,انجکشن پاؤڈر تھا اسکو محلول بنانے میں غلطی ہوئی: وزیر صحت پنجاب
https://urdu.geo.tv/category/pakistan,ذاتی و سیاسی مفاد ایک طرف رکھ کر قومی مفاد مقدم رکھیں، دریائے سندھ سے نہریں نکالنے کے یکطرفہ فیصلے کی حمایت نہیں کر سکتا: صدر
https://urdu.geo.tv/category/pakistan,وزیر ریلوے کا عید پر خصوصی ٹرینیں چلانے اور کرایوں میں کمی کا اعلان
https://urdu.geo.tv/category/pakistan,مسئلہ یہ ہے کہ آرمی ایکٹ کے ماتحت جرائم اگر سویلینز کریں تو کیا ہوگا؟ جج آئینی بینچ
https://urdu.geo.tv/category/pakistan,مصطفیٰ قتل کیس: پراسیکیوٹرکی ارمغان سے ملنے والی تمام چیزیں فارنزک کیلئے بھیجنے کی ہدایت
https://urdu.geo.tv/category/pakistan,طورخم گزرگاہ پر کشیدگی ختم کرنے کیلئے پاک افغان جرگہ، 11 مارچ تک سیز فائر پر اتفاق
https://urdu.geo.tv/category/pakistan,سپریم کورٹ نے 9 اور 10 مئی کے رواں اور آئندہ ہفتے مقرر تمام مقدمات ڈی لسٹ کردیے
https://urdu.geo.tv/category/pakistan,سپریم کورٹ: سپرٹیکس کیس کی سماعت روزانہ کی بنیاد پر کرنے کا فیصلہ
https://urdu.geo.tv/category/pakistan,آکسفورڈ یونیورسٹی کی بحث میں پی ٹی آئی نمائندے کو شکست اور مجھے فتح ہوئی: احسن اقبال
https://urdu.geo.tv/category/pakistan,وفاقی وزیر اویس لغاری کا 6 سال میں گردشی قرضے ختم کرنے کا دعویٰ
https://urdu.geo.tv/category/pakistan,نئی متوقع امریکی سفری پابندیوں میں پاکستان کا نام شامل نہ ہونے کی امید
https://urdu.geo.tv/category/pakistan,چین، ترکیہ، سعودیہ سمیت 8 ملکوں سے مزید 67 پاکستانی بے دخل، 14 زیرحراست
https://urdu.geo.tv/category/pakistan,لاہور: میو اسپتال میں انجیکشن کے مبینہ ری ایکشن سے مریضہ جاں بحق، 15 مریض متاثر
https://urdu.geo.tv/category/pakistan,پاکستانی لڑکیوں کو شادی کے نام پر چین اسمگل کرنیوالےگروہ کے 3 ملزمان گرفتار
https://urdu.geo.tv/category/pakistan,دہشتگرد مساجدکو نشانہ بنا رہے ہیں، یہ مجاہد نہیں قاتل اور مجرم ہیں: مولانا فضل الرحمان
https://urdu.geo.tv/category/pakistan,سال 25۔2024 میں خواتین پارلیمنٹیرینز کی کارکردگی کیسی رہی؟ فافن کی رپورٹ جاری
https://urdu.geo.tv/category/pakistan,ڈیرہ اسماعیل خان میں باپ نے بیٹی کو ونی ہونے سے بچانے کے لیے جان دیدی
https://urdu.geo.tv/category/pakistan,یونان کشتی حادثےکا مرکزی ملزم عثمان ججہ گرفتار ہوگیا
https://urdu.geo.tv/category/pakistan,نوشہرہ: وزیراعظم کا کوآرڈینیٹر بننے پر اختیار ولی کےگھر ہوائی فائرنگ کی ویڈیو وائرل
https://urdu.geo.tv/category/pakistan,حکومت کا 15مارچ کو یوم تحفظ ناموس رسالت ﷺ منانےکا فیصلہ
https://urdu.geo.tv/category/pakistan,پنجاب میں سکیورٹی ہائی الرٹ، 24 گھنٹوں کے دوران 436 سرچ اینڈ سویپ آپریشنز کیے گئے
https://urdu.geo.tv/category/pakistan,کوٹ ادو: چھاپے کے دوران خواتین سے بدسلوکی کے الزام پر اہلکاروں اور ایس ایچ او کو شوکاز نوٹس جاری
https://urdu.geo.tv/category/pakistan,وفاقی وزیر کا اوورسیز پاکستانیوں کے پاسپورٹ بلاک کرنے کا نوٹس، فوری انکوائری کا حکم
https://urdu.geo.tv/category/pakistan,رمضان میں پیپلز بس سروس کے اوقات میں توسیع کا اعلان
https://urdu.geo.tv/category/pakistan,کوئی مزدوربھوکا نہ سوئے، مزدوروں کی فلاح کیلئے پلان طلب، وزیر اعلیٰ نے کئی منصوبوں کی منظوری دیدی
https://urdu.geo.tv/category/pakistan,کراچی میں گرمی کی شدت میں اضافہ، آج پارہ 39 ڈگری تک جانے کا امکان
https://urdu.geo.tv/category/pakistan,کیا بیمار کیلئے روزہ معاف ہے یا کفارہ ہے؟ کفارہ کیسے ادا کیا جائے؟
https://urdu.geo.tv/category/pakistan,پی ٹی آئی پشاور کے اجلاس میں کے پی حکومت کی کارکردگی پر اظہار عدم اطمینان، احتجاج کا عندیہ
https://urdu.geo.tv/category/pakistan,ویڈیو: راولپنڈی میں پڑوسی کی ہمسائے پر آرا مشین سے حملے کی کوشش
https://urdu.geo.tv/category/pakistan,افطار میں بنائیں مزیدار چکن چیز رول
https://urdu.geo.tv/category/pakistan,امریکا، سنگاپور، ملائیشیا سمیت 14 ملکوں سے مزید 117 پاکستانی بے دخل
https://urdu.geo.tv/category/pakistan,موسیٰ ہراج آکسفورڈ یونین کے صدر منتخب
https://urdu.geo.tv/category/pakistan,ویڈیو: 'جسے اللہ رکھے اسے کون چکھے'، چلتی ٹرین کےنیچے آنے والی ماں اور بچہ محفوظ رہے
https://urdu.geo.tv/category/pakistan,کراچی:گھرکی چھت گرنے سے6 بچے جاں بحق ہوگئے
https://urdu.geo.tv/category/pakistan,صوابی: سابق سینیٹر مشتاق احمد خان کے بھائی کوگھرکے سامنے گولیاں مار کر قتل کردیا گیا
https://urdu.geo.tv/category/pakistan,ملک کے مختلف شہروں میں آج سے بارش کی پیشگوئی، اسلام آباد، لاہور، پشاور میں اربن فلڈنگ کا خدشہ
https://urdu.geo.tv/category/pakistan,ملک کے مختلف شہروں میں خواتین کے عالمی دن پر تقاریب اور ریلیاں
https://urdu.geo.tv/category/pakistan,ٹانک میں سکیورٹی فورسز کے آپریشن میں 3 خوارج ہلاک ہوگئے
https://urdu.geo.tv/category/pakistan,مظفرآباد، 8 اکتوبر 2005 کے زلزلے کے تقریباً 20 سال بعد 2 افراد کی لاشیں برآمد
https://urdu.geo.tv/category/pakistan,’30 کروڑ کی تقسیم پر 1 ارب 60 کروڑ خرچ‘ ، وزیر اعلیٰ بلوچستان کا محکمہ زکوٰۃ ختم کرنے کا اعلان
https://urdu.geo.tv/category/pakistan,پاک بحریہ کا خواتین کے عالمی دن کے موقع پر پاکستانی خواتین کو خراج تحسین
https://urdu.geo.tv/category/pakistan,پاکستان کا غیر قانونی غیر ملکیوں کی وطن واپسی کی ڈیڈ لائن میں توسیع نہ کرنیکا فیصلہ
https://urdu.geo.tv/category/pakistan,ہنگو: بل کی عدم ادائیگی پر ڈی ایچ کیو اسپتال کی بجلی منقطع، موبائل ٹارچ سے مریض کا علاج کیا گیا
https://urdu.geo.tv/category/pakistan,غزہ میں جنگ و جارحیت کا خاتمہ، اسرائیلی فوج کا انخلا اور تعمیر نو، پاکستان کی او آئی سی میں تجاویز
https://urdu.geo.tv/category/pakistan,خواتین کو برابری کے مواقع کی فراہمی میں پاکستان نچلے درجوں پر آگیا
https://urdu.geo.tv/category/pakistan,پاکستان میں خواتین کی تعلیم چیلنج تھا جس سے نمٹنے کیلئے متعدد اقدامات کیے: وزیراعظم
https://urdu.geo.tv/category/pakistan,عون عباس پروڈکشن آرڈر پر سینیٹ میں پیش، اعجاز چوہدری کا معاملہ استحقاق کمیٹی کے سپرد
https://urdu.geo.tv/category/pakistan,ڈی جی خان میں پولیس چیک پوسٹ پر خوارجی دہشتگردوں کا حملہ ناکام بنا دیا گیا
https://urdu.geo.tv/category/pakistan,زکوٰۃ کی رقم ایک فرد کو دینا افضل ہے یا متعدد اشخاص میں تقسیم کرنا افضل ہے؟
https://urdu.geo.tv/category/pakistan,شاید علی امین کسی اور کے ایجنڈے پر کام کر رہے ہیں اسی لیے مولانا نے تنقید کی: کامران مرتضیٰ
https://urdu.geo.tv/category/pakistan,دائمی عذر کے سبب روزہ نہ رکھنے والے کیلئے کیا حکم ہے؟
https://urdu.geo.tv/category/pakistan,کوئٹہ: سوئی گیس لیکج کے باعث دھماکوں میں اضافہ، ایک ہفتے میں 8 افراد جاں بحق
https://urdu.geo.tv/category/pakistan,وزیراعظم کارکردگی بڑھانے کیلئے’ڈاکٹر ٹی‘‘ کو واپس لے آئے، ڈاکٹر ٹی کون ہیں؟
https://urdu.geo.tv/category/pakistan,سندھ حکومت نے ایس ایس پی حیدرآبادکا تبادلہ کرکے وکلا کا تنازع ختم کردیا
https://urdu.geo.tv/category/pakistan,اے این پی کے صوبائی ڈپٹی جنرل سیکرٹری کی گاڑی کھائی میں جاگری، موقع پر جاں بحق
https://urdu.geo.tv/category/pakistan,بلوچستان: محکمہ خوراک کے گوداموں میں گندم کی 8 لاکھ بوریاں خراب ہونے کا خدشہ
https://urdu.geo.tv/category/pakistan,وزیراعظم کی بلاول سے ملاقات، دریائے سندھ سے نہریں نکالنے کا معاملہ حل کرنے کی یقین دہانی کرادی
https://urdu.geo.tv/category/pakistan,ذاتی و سیاسی مفاد ایک طرف رکھ کر قومی مفاد مقدم رکھیں، دریائے سندھ سے نہریں نکالنے کے یکطرفہ فیصلے کی حمایت نہیں کر سکتا: صدر
https://urdu.geo.tv/category/pakistan,ناکام سیاستدان سیاست چمکانےکیلئے نہروں کے معاملےکو ہوا دے رہے ہیں: احسن اقبال
https://urdu.geo.tv/category/pakistan,بنوں کینٹ حملے میں ہلاک 16 دہشتگردوں میں سے 2 افغان شہری نکلے
https://urdu.geo.tv/category/pakistan,شام میں جاری جھڑپوں میں گزشتہ 3 روز کے دوران ہونیوالی ہلاکتوں کی تعداد 1300 سے تجاوز کرگئی
https://urdu.dunyanews.tv/index.php/ur/Pakistan,وزیراعظم نے وفاقی کابینہ کا اجلاس طلب کر لیا
https://urdu.dunyanews.tv/index.php/ur/Pakistan,مسلم لیگ(ن) نے سیاست میں بدتمیزی کی بنیاد رکھی: مہربانوقریشی
https://urdu.dunyanews.tv/index.php/ur/Pakistan,قومی اسمبلی میں انتہائی نازیبا نعرے لگائےگئے: قمر زمان کائرہ
https://urdu.dunyanews.tv/index.php/ur/Pakistan,پی ٹی آئی کی سینیٹر ثانیہ نشتر کا استعفیٰ منظور کر لیا گیا
https://urdu.dunyanews.tv/index.php/ur/Pakistan,بانی پی ٹی آئی چاہتےہیں کسی کوبھی نہیں کھیلنےدینا: مصدق ملک
https://urdu.dunyanews.tv/index.php/ur/Pakistan,پتنگ کی ڈور پھرنے سے لڑکی زخمی ہو گئی
https://urdu.dunyanews.tv/index.php/ur/Pakistan,امریکا نے سینئر پاکستانی سفارتکار کو اپنے ملک میں داخلے سے روک دیا
https://urdu.dunyanews.tv/index.php/ur/Pakistan,قومی اسمبلی کے 13ویں اجلاس کا آغاز منگل کی صبح ساڑھے گیارہ بجے ہوگا
https://urdu.dunyanews.tv/index.php/ur/Pakistan,شہباز شریف کی بلاول بھٹو کو پیپلز پارٹی کے تحفظات دور کرنے کی یقین دہانی
https://urdu.dunyanews.tv/index.php/ur/Pakistan,موجودہ حالات میں راؤنڈ ٹیبل کانفرنس بلا کر سب جماعتوں کوبٹھانا چاہیے: احمد اویس
https://urdu.dunyanews.tv/index.php/ur/Pakistan,38 رکنی سکھ یاتری وفد کی حضرت بابا فرید ؒ کے دربار پر حاضری
https://urdu.dunyanews.tv/index.php/ur/Pakistan,وفاقی وزیر سردار محمد یوسف نے وزارت مذہبی امور و بین المذاہب ہم آہنگی کا قلمدان سنبھال لیا
https://urdu.dunyanews.tv/index.php/ur/Pakistan,صدر کا خطاب آئین کی ضرورت، اُن کے دیئے ایجنڈے پر عمل کرینگے: خواجہ آصف
https://urdu.dunyanews.tv/index.php/ur/Pakistan,میڈیا کا گلہ دبایا جارہا، امن وامان کی خراب صورتحال ہے:عمر ایوب
https://urdu.dunyanews.tv/index.php/ur/Pakistan,گورنر پنجاب سے وفاقی وزیر خزانہ کی ملاقات، اقتصادی ترقی بارے تبادلہ خیال
https://urdu.dunyanews.tv/index.php/ur/Pakistan,اپوزیشن نے بد تمیزی، بد تہذیبی کی بنیاد رکھی، اب خود نشانہ بن رہے ہیں: مریم نواز
https://urdu.dunyanews.tv/index.php/ur/Pakistan,نو مئی سمیت4مقدمات کی سماعت، پی ٹی آئی رہنماؤں پر ترمیمی فرد جرم عائد
https://urdu.dunyanews.tv/index.php/ur/Pakistan,ڈاکٹر طارق فضل چودھری نے وفاقی وزیر برائے پارلیمانی امور کا عہدہ سنبھال لیا
https://urdu.dunyanews.tv/index.php/ur/Pakistan,معیشت مستحکم، ملک کو مثبت سمت لے جانیکی حکومتی کوششیں قابل ستائش: صدر مملکت
https://urdu.dunyanews.tv/index.php/ur/Pakistan,وزیر ریلوے کا عید پر ٹرین کرایوں میں 20 فیصد تک کمی کا اعلان
https://urdu.dunyanews.tv/index.php/ur/Pakistan,حنیف عباسی نے وزارت ریلوےکا باضابطہ چارج سنبھال لیا
https://urdu.dunyanews.tv/index.php/ur/Pakistan,شاندار رمضان پیکیج قابل تعریف، فی خاندان 5 ہزار روپے ملیں گے: وزیراعظم
https://urdu.dunyanews.tv/index.php/ur/Pakistan,ملٹری ٹرائل کیس، لاہور بار ایسوسی ایشن کے وکیل حامد خان کے دلائل مکمل
https://urdu.dunyanews.tv/index.php/ur/Pakistan,روہت شرما کی اپنی ریٹائرمنٹ سے متعلق خبروں کی تردید
https://urdu.dunyanews.tv/index.php/ur/Pakistan,آرٹیفشل انٹیلی جنس اور مستقبل میں ملازمت کے مواقع
https://urdu.dunyanews.tv/index.php/ur/Pakistan,ماہِ صیام: صبر و برداشت کا مہینہ
https://urdu.dunyanews.tv/index.php/ur/Pakistan,برطانوی شاہی محل کی ہزار سالہ تاریخ میں پہلی بار افطار کا اہتمام
https://urdu.dunyanews.tv/index.php/ur/Pakistan,روزہ کے شرعی مسائل!
https://urdu.dunyanews.tv/index.php/ur/Pakistan,مرحبا رمضان مرحبا
https://urdu.dunyanews.tv/index.php/ur/Pakistan,نئے انتظامی صوبوں کی ضرورت!
https://urdu.dunyanews.tv/index.php/ur/Pakistan,شہر قائد میں نیگلیریا سے رواں سال کی پہلی ہلاکت سامنے آ گئی
https://urdu.dunyanews.tv/index.php/ur/Pakistan,وزیراعلیٰ مریم نواز کا میو ہسپتال میں انجکشن سے مریضوں کی ہلاکت کا نوٹس
https://urdu.dunyanews.tv/index.php/ur/Pakistan,میو ہسپتال میں انجکشن ری ایکشن سے خاتون اور شہری جاں بحق، 14 مریض متاثر
https://urdu.dunyanews.tv/index.php/ur/Pakistan,لاہور سمیت ملک کے 14 اضلاع کے ماحولیاتی نمونوں میں پولیو وائرس کی تصدیق
https://urdu.dunyanews.tv/index.php/ur/Pakistan,ایم بی بی ایس فورتھ پروفیشنل سالانہ امتحانات 2024ء کے نتائج کا اعلان
https://urdu.dunyanews.tv/index.php/ur/Pakistan,گورنر پنجاب سردار سلیم حیدر سے تھیلیسیمیا اور ہیموفیلیا میں مبتلا بچوں کے وفد کی ملاقات
https://urdu.arynews.tv/category/pakistan-2/,پی ٹی آئی اور جے یو آئی کے رہنماؤں کا اجلاس ختم، اعلامیہ جاری
https://urdu.arynews.tv/category/pakistan-2/,پی ٹی آئی اور جے یو آئی کے رہنماؤں کا اجلاس ختم، اعلامیہ جاری
https://urdu.arynews.tv/category/pakistan-2/,زرعی آمدنی پر ٹیکس : پاکستان اور آئی ایم ایف مذاکرات کا پہلا روز
https://urdu.arynews.tv/category/pakistan-2/,چرچ کی گھنٹی اور آذان ایک ساتھ : پاکستان میں مذہبی روا داری کی خوبصورت مثال
https://urdu.arynews.tv/category/pakistan-2/,کراچی کے کئی علاقوں میں 34 گھنٹے سے بجلی بند
https://urdu.arynews.tv/category/pakistan-2/,زرعی آمدنی پر ٹیکس : پاکستان اور آئی ایم ایف مذاکرات کا پہلا روز
https://urdu.arynews.tv/category/pakistan-2/,کراچی کے کئی علاقوں میں 34 گھنٹے سے بجلی بند
https://urdu.arynews.tv/category/pakistan-2/,پاکستانی سفیر کو امریکا میں داخلے سے روک دیا گیا
https://urdu.arynews.tv/category/pakistan-2/,امریکی سفری پابندی میں ممکنہ طور پر شامل ممالک کے نام سامنے آگئے
https://urdu.arynews.tv/category/pakistan-2/,کراچی میں کل گرمی کی شدت کتنی ہوگی؟
https://urdu.arynews.tv/category/pakistan-2/,کراچی میں نگلیریا سے متاثرہ خاتون انتقال کر گئی
https://urdu.arynews.tv/category/pakistan-2/,ثانیہ نشتر کا سینیٹ کی نشست سے استعفیٰ‌ منظور
https://urdu.arynews.tv/category/pakistan-2/,دریائے سندھ سے مزید نہریں نکالنے کی تجویز کی بطور صدر حمایت نہیں کر سکتا، آصف زرداری
https://urdu.arynews.tv/category/pakistan-2/,اسٹیٹ بینک کا شرح‌ سود برقرار رکھنے کا اعلان
https://urdu.arynews.tv/category/pakistan-2/,پی ٹی آئی اپنا ماحول ٹھیک نہیں کرے گی تو تماشہ بنے گی، طلال چوہدری
https://www.dawnnews.tv/pakistan,وزیراعظم سے ملاقات، بلاول بھٹو کی قیادت میں وفد کا حکومتی اقدامات پر اعتماد کا اظہار
https://www.dawnnews.tv/pakistan,اسٹیٹ بینک کا شرح سود 12 فیصد پر برقرار رکھنے کا فیصلہ
https://www.dawnnews.tv/pakistan,چارسدہ میں افطار کے وقت جھگڑا، 4 افراد جاں بحق اور 2 زخمی
https://www.dawnnews.tv/pakistan,اداکارہ نادیہ حسین کے شوہر 5 روزہ جسمانی ریمانڈ پر ایف آئی اے کے حوالے
https://www.dawnnews.tv/pakistan,ڈان تحقیقات: کراچی کے پانیوں میں ریت کے قلعوں کی تعمیر
https://www.dawnnews.tv/pakistan,چیف جسٹس آف پاکستان جسٹس قاضی فائز عیسیٰ کے فیصلوں پر ایک نظر!
https://www.dawnnews.tv/pakistan,کیا پاکستان میں الیکٹرک گاڑیاں واقعی کار آمد ثابت ہوں گی؟
https://www.dawnnews.tv/pakistan,پی ٹی آئی کو ڈیل نہیں کرنی تو اسٹیبلشمنٹ سے بات کیوں کرتی ہے، عرفان صدیقی
https://www.dawnnews.tv/pakistan,آصف زرداری اور بلاول بھٹو سندھ کا پانی بیچنے جا رہے ہیں، عمر ایوب
https://www.dawnnews.tv/pakistan,اداکارہ نادیہ حسین کے شوہر 5 روزہ جسمانی ریمانڈ پر ایف آئی اے کے حوالے
https://www.dawnnews.tv/pakistan,مصطفیٰ عامر قتل کیس: ملزم ارمغان کے والد سے بھی تحقیقات کی ہدایت
https://www.dawnnews.tv/pakistan,سول جج نے دعا زہرہ کا 2022 میں پنجاب میں ہونیوالا نکاح درست قرار دیدیا
https://www.dawnnews.tv/pakistan,کراچی: گلشن معمار میں مکان کی چھت گر گئی، 5 افراد جاں بحق
https://www.dawnnews.tv/pakistan,9 مئی جلاؤ گھیراؤ کیس: شاہ محمود، یاسمین راشد ودیگر پی ٹی آئی رہنماؤں پر فرد جرم عائد
https://www.dawnnews.tv/pakistan,چیئرمین سینیٹ نے ثانیہ نشتر کا استعفی منظور کر لیا
https://www.dawnnews.tv/pakistan,یوٹیلٹی اسٹورز کو ہمیشہ کیلئے خیرباد کہنا تھا، عوام کا پیسہ کرپشن کی نذر ہورہا تھا، وزیراعظم
https://www.dawnnews.tv/pakistan,سپر ٹیکس کیس کی سماعت کرنے والا سپریم کورٹ کا آئینی بینچ ٹوٹ گیا
https://www.dawnnews.tv/pakistan,شہری آزادی کو بتدریج محدود کیے جانے پر پاکستان عالمی ادارے کی واچ لسٹ میں شامل
https://www.dawnnews.tv/pakistan,کسان اتحاد کا حکومت سے گندم کی امدادی قیمت مقرر کرنے، خریداری شروع کرنے کا مطالبہ
https://www.dawnnews.tv/pakistan,یک طرفہ پالیسیوں کا وفاق پر شدید دباؤ، دریائے سندھ سے مزید نہریں نکالنے کی حمایت نہیں کرسکتا، صدر
https://www.dawnnews.tv/pakistan,یوٹیلٹی اسٹورز کو ہمیشہ کیلئے خیرباد کہنا تھا، عوام کا پیسہ کرپشن کی نذر ہورہا تھا، وزیراعظم
https://www.dawnnews.tv/pakistan,9 مئی جلاؤ گھیراؤ کیس: شاہ محمود، یاسمین راشد ودیگر پی ٹی آئی رہنماؤں پر فرد جرم عائد
https://www.dawnnews.tv/pakistan,انجکشن کا ری ایکشن: میو ہسپتال لاہور میں 2 مریض جاں بحق، 16 متاثر
https://www.dawnnews.tv/pakistan,لاہور: میو ہسپتال کا تنازع شدت اختیار کرگیا، وزیر صحت اور سیکریٹری ادویہ کی قلت سے آگاہ تھے
https://www.dawnnews.tv/pakistan,حکومت پیٹرول کی قیمت میں 50 روپے فی لیٹر کمی کا اعلان کرے، حافظ نعیم الرحمٰن
https://www.dawnnews.tv/pakistan,کوہاٹ: تاندہ ڈیم کے قریب فائرنگ سے 2 پولیس اہلکار شہید
https://www.dawnnews.tv/pakistan,خیبرپختونخوا: مردان میں پسند کی شادی کرنیوالی خاتون بچے اور سسر سمیت قتل
https://www.dawnnews.tv/pakistan,برطانوی نژاد خاتون کو ہراساں کرنے پر آزاد کشمیر میں ایس ایچ او کےخلاف مقدمہ درج
https://www.dawnnews.tv/pakistan,مقبوضہ کشمیر: پولیس کے دکانوں پر چھاپے، مولانا مودودی کی سیکڑوں کتابیں ضبط
https://www.dawnnews.tv/pakistan,کراچی سے ہنی مون کیلئے وادی نیلم جانے والا نوبیاہتا جوڑا دم گھٹنے سے چل بسا
https://www.dawnnews.tv/pakistan,ایل او سی پر بھارتی تخریبی سرگرمیاں بڑھ گئیں، وزیر داخلہ آزاد کشمیر
https://www.dawnnews.tv/pakistan,مصطفیٰ عامر قتل کیس: ملزم ارمغان کے والد سے بھی تحقیقات کی ہدایت
https://www.dawnnews.tv/pakistan,انجکشن کا ری ایکشن: میو ہسپتال لاہور میں 2 مریض جاں بحق، 16 متاثر
https://www.dawnnews.tv/pakistan,کوئٹہ میں گیس لیکیج کا دھماکا، خاتون سمیت 2 افراد جاں بحق، 5 زخمی
https://www.dawnnews.tv/pakistan,کوئٹہ: ایف سی کے قافلے کےقریب بم دھماکا، ایک اہلکار سمیت 10 افراد زخمی
https://www.dawnnews.tv/pakistan,کوئٹہ: بولان میڈیکل کمپلیکس میں 5 سال کے دوران 4 ارب روپے کی بےضابطگیوں کا انکشاف
https://www.dawnnews.tv/pakistan,کوئٹہ کے علاقے شعبان میں دہشت گردی کی کوشش ناکام، 2 پولیس اہلکار جاں بحق
https://www.dawnnews.tv/pakistan,لاہور ہائیکورٹ نے پنجاب میں بلدیاتی الیکشن نہ کروانے پر حکومت سے جواب مانگ لیا
https://www.dawnnews.tv/pakistan,سپر ٹیکس کیس کی سماعت کرنے والا سپریم کورٹ کا آئینی بینچ ٹوٹ گیا
https://www.dawnnews.tv/pakistan,پشاور ہائیکورٹ کا فیصل جاوید کا نام پی این آئی ایل لسٹ سے نکالنے کا حکم
https://www.dawnnews.tv/pakistan,صوبے میں بدامنی افغانستان کے باعث ہے، سنجیدہ اقدامات کرنا ہوں گے، علی امین گنڈا پور
https://www.dawnnews.tv/pakistan,رمضان المبارک کا چاند دیکھنے کیلئے اجلاس آج ہوگا، سپارکو کی اہم پیش گوئی
https://www.dawnnews.tv/pakistan,خیبرپختونخوا میں منکی پاکس کا پہلا مقامی کیس رپورٹ، مشیر صحت نے تصدیق کردی
https://www.dawnnews.tv/pakistan,پاکستان اور ملائیشیا کا قیدیوں کے تبادلے کیلئے معاہدے کا فیصلہ
https://www.dawnnews.tv/pakistan,اٹک: سوتیلے باپ کے ہاتھوں 50 ہزارروپے میں بیچی گئی 12 سالہ دلہن بازیاب، 60 سالہ دلہا گرفتار
https://www.dawnnews.tv/pakistan,سول جج نے دعا زہرہ کا 2022 میں پنجاب میں ہونیوالا نکاح درست قرار دیدیا
https://www.dawnnews.tv/pakistan,ارمغان کے رشتہ دار سی آئی اے افسر کےخلاف کیا کارروائی کی گئی؟ ارکان پارلیمنٹ
https://www.dawnnews.tv/pakistan,ایچ آر سی پی کی کینال پروجیکٹ پر احتجاج کرنے والے طلبہ کے خلاف درج ایف آئی آر پر تشویش
https://www.dawnnews.tv/pakistan,ارمغان سے منشیات کے منظم کاروبار کی تفتیش کا فیصلہ، منی لانڈرنگ کی تحقیقات شروع
https://www.dawnnews.tv/pakistan,مسلمانوں اور علمائے دین کا قتل جہاد نہیں دہشت گردی ہے، مولانا فضل الرحمٰن
https://www.dawnnews.tv/pakistan,ڈیرہ اسمٰعیل خان: 11 سالہ بیٹی کو ونی کی بھینٹ چڑھانے پر باپ نے اپنی جان لے لی
https://www.dawnnews.tv/pakistan,لاہور ہائیکورٹ نے پنجاب میں بلدیاتی الیکشن نہ کروانے پر حکومت سے جواب مانگ لیا
https://www.dawnnews.tv/pakistan,نارووال: نماز تراویح کے دوران فائرنگ سے 3 افراد جاں بحق
https://www.dawnnews.tv/pakistan,اٹک: سوتیلے باپ کے ہاتھوں 50 ہزارروپے میں بیچی گئی 12 سالہ دلہن بازیاب، 60 سالہ دلہا گرفتار
https://www.dawnnews.tv/pakistan,پنجاب میں سی ٹی ڈی کے 73 آپریشن، 10 دہشتگرد گرفتار
https://www.dawnnews.tv/pakistan,نارووال: نماز تراویح کے دوران فائرنگ سے 3 افراد جاں بحق
https://www.dawnnews.tv/pakistan,آئل مارکیٹنگ کمپنیوں کا ریفائنری کوٹہ ختم، پیٹرول اور ڈیزل سستا ہونے کا امکان
https://www.dawnnews.tv/pakistan,چارسدہ میں افطار کے وقت جھگڑا، 4 افراد جاں بحق اور 2 زخمی
https://www.dawnnews.tv/pakistan,خیبرپختونخوا: مردان میں پسند کی شادی کرنیوالی خاتون بچے اور سسر سمیت قتل
https://www.dawnnews.tv/pakistan,کوہاٹ: تاندہ ڈیم کے قریب فائرنگ سے 2 پولیس اہلکار شہید
https://www.dawnnews.tv/pakistan,مسلمانوں اور علمائے دین کا قتل جہاد نہیں دہشت گردی ہے، مولانا فضل الرحمٰن
https://www.dawnnews.tv/pakistan,شہری آزادی کو بتدریج محدود کیے جانے پر پاکستان عالمی ادارے کی واچ لسٹ میں شامل
https://www.dawnnews.tv/pakistan,پاک-افغان قبائلی عمائدین کا جرگہ، پاکستان کی تعمیرات روکنے پر طورخم سرحد کھولنے کی پیشکش
https://www.dawnnews.tv/pakistan,بلوچستان سے 4 دہشت گرد گرفتار، افغانستان سے دراندازی کے شواہد سامنے آگئے
https://www.dawnnews.tv/pakistan,بلوچستان: خضدار کی تحصیل نال بازار میں دھماکا، 4 افراد جاں بحق
https://www.dawnnews.tv/pakistan,بلوچستان کی ’قاتل‘ شاہراہیں
https://www.dawnnews.tv/pakistan,عوام کے جان و مال کے تحفظ کیلئےکوئی کسر نہیں چھوڑیں گے، وزیراعلیٰ بلوچستان
https://www.dawnnews.tv/pakistan,حکومت امریکا کی مدد سے کالعدم تنظیموں کی فہرست اپ ڈیٹ کرے گی، بیرسٹر عقیل
https://www.dawnnews.tv/pakistan,وزیراعظم کی آئی ٹی ٹریننگ کے منصوبوں پر تیزی سے عمل درآمد یقینی بنانے کی ہدایت
https://www.dawnnews.tv/pakistan,بنوں حملے کا مقدمہ درج، 14 برقعہ پوش دہشتگردوں نے بھاری اسلحہ سے حملہ کیا
https://www.dawnnews.tv/pakistan,پارلیمنٹ کا مشترکہ اجلاس کل طلب، صدر مملکت خطاب کریں گے
https://www.dawnnews.tv/pakistan,حکومت کا پورٹ قاسم اراضی اسکینڈل کی تحقیقات کا فیصلہ، وزیراعظم نے کمیٹی تشکیل دیدی
https://www.dawnnews.tv/pakistan,کسان اتحاد کا حکومت سے گندم کی امدادی قیمت مقرر کرنے، خریداری شروع کرنے کا مطالبہ
https://www.dawnnews.tv/pakistan,گندم کی بوائی متاثر، کاشتکار منافع بخش فصلوں کی جانب منتقل ہونے لگے
https://www.dawnnews.tv/pakistan,کراچی، کوئٹہ، لاہور سمیت 14 اضلاع کے ماحولیاتی نمونوں میں پولیو وائرس کی تصدیق
https://www.dawnnews.tv/pakistan,سول جج نے دعا زہرہ کا 2022 میں پنجاب میں ہونیوالا نکاح درست قرار دیدیا
https://www.dawnnews.tv/pakistan,شہریوں کے نام فرمائشی طور پر ’نو فلائی لسٹ‘ میں شامل نہ کیے جائیں، اسلام آباد ہائیکورٹ
https://www.dawnnews.tv/pakistan,عون عباس بپی کی سینیٹ آمد، چیئرمین نے اعجاز چوہدری کو پیش نہ کرنے کا معاملہ استحقاق کمیٹی کو بھیج دیا
https://www.dawnnews.tv/pakistan,Why was the Champions Trophy Final NOT in Pakistan? The Truth| Dawn News
https://www.dawnnews.tv/pakistan,دہائیوں پرانا گرامو فون آج بھی اصلی حالت میں
https://www.dawnnews.tv/pakistan,سعودی عرب کے مختلف شہروں میں برفباری کا دلفریب نظارہ
https://www.siasat.pk/forums/%D8%AE%D8%A8%D8%B1%DB%8C%DA%BA.69/,شہری آزادیوں کی خلاف ورزی،پاکستان سیویکس واچ لسٹ کی جابر ریاستوں میں شامل
https://www.siasat.pk/forums/%D8%AE%D8%A8%D8%B1%DB%8C%DA%BA.69/,پاکستان میں سرمایہ کاری کا اعلان کرنے والی کمپنی Maersk بھارت چلی گئی
https://www.siasat.pk/forums/%D8%AE%D8%A8%D8%B1%DB%8C%DA%BA.69/,مریم نواز کا ماڈل ریڑھی منصوبہ کرپشن کی زد میں، کروڑوں کی دیہاڑیاں
https://www.siasat.pk/forums/%D8%AE%D8%A8%D8%B1%DB%8C%DA%BA.69/,ایس آئی ایف سی کے تحت اب تک پاکستان میں کتنی سرمایہ کاری آ سکی؟
https://www.siasat.pk/forums/%D8%AE%D8%A8%D8%B1%DB%8C%DA%BA.69/,پنجاب میں سی ٹی ڈی کے 73 انٹیلی جنس بیسڈ آپریشنز، 10 دہشت گرد گرفتار
https://www.siasat.pk/forums/%D8%AE%D8%A8%D8%B1%DB%8C%DA%BA.69/,نواز کھوکھر کی ڈپلیکیٹ اسلحہ لائسنس جاری کرنےکی درخواست انتقال کے بعد منظور
https://www.siasat.pk/forums/%D8%AE%D8%A8%D8%B1%DB%8C%DA%BA.69/,پی ٹی آئی سینیٹرز اعجاز چوہدری اور عون عباس بپی کے پروڈکشن آرڈرز جاری
https://www.siasat.pk/forums/%D8%AE%D8%A8%D8%B1%DB%8C%DA%BA.69/,تربیلا اور منگلا ڈیم ڈیڈ لیول کے قریب،پنجاب میں چاول کی کاشت پر پابندی
https://www.siasat.pk/forums/%D8%AE%D8%A8%D8%B1%DB%8C%DA%BA.69/,خواتین ہمارے معاشرے کی معمار، ہمارے گھروں کا ستون ہیں:وزیر اعظم شہباز شریف
https://www.siasat.pk/forums/%D8%AE%D8%A8%D8%B1%DB%8C%DA%BA.69/,گلسپی نے گواسگر کے پاکستانی ٹیم بارے منفی بیان کو 'نان سینس' قرار دے دیا
https://www.siasat.pk/forums/%D8%AE%D8%A8%D8%B1%DB%8C%DA%BA.69/,پشاور، واٹس ایپ گروپ سے نکالے جانے پر نوجوان نے گروپ ایڈمن کو قتل کر دیا
https://www.siasat.pk/forums/%D8%AE%D8%A8%D8%B1%DB%8C%DA%BA.69/,اپنے سرمایہ کار سرمایہ کاری کریں گے تب ہی بیرونی سرمایہ کاری آئے گی،شہباز
https://www.siasat.pk/forums/%D8%AE%D8%A8%D8%B1%DB%8C%DA%BA.69/,بھارتی فضائیہ کے ایک ہی دن میں دو طیارے گر کر تباہ
https://www.siasat.pk/forums/%D8%AE%D8%A8%D8%B1%DB%8C%DA%BA.69/,بنوں،دہشتگردی کیلئے افغانستان سے لائے گئے امریکی اسلحے کے شواہد سامنے آ گئے
https://www.siasat.pk/forums/%D8%AE%D8%A8%D8%B1%DB%8C%DA%BA.69/,منفی پراپیگنڈے کا الزام،پی ٹی آئی رہنماؤں کی JITمیں پیشی کی اندرونی کہانی
https://www.siasat.pk/forums/%D8%AE%D8%A8%D8%B1%DB%8C%DA%BA.69/,پاکستانی ایجنسیز کی جانب سے امریکہ کے حوالے کیا گیا دہشت گرد شریف اللہ کون؟
https://www.siasat.pk/forums/%D8%AE%D8%A8%D8%B1%DB%8C%DA%BA.69/,پاکستانی فورسز کے ہاتھوں گرفتار شریف اللہ نے اعتراف جرم، امریکی محکمہ انصاف
https://www.siasat.pk/forums/%D8%AE%D8%A8%D8%B1%DB%8C%DA%BA.69/,ریاستی اداروں کے آڈٹس میں تاخیر پر آئی ایم ایف کو تشویش ہے، آڈیٹر جنرل
https://www.siasat.pk/forums/%D8%AE%D8%A8%D8%B1%DB%8C%DA%BA.69/,فیصل جاوید کو سعودی عرب جانے سے روک دیا گیا، پشاور ائرپورٹ پر آف لوڈ
https://www.siasat.pk/forums/%D8%AE%D8%A8%D8%B1%DB%8C%DA%BA.69/,آرمی چیف کے ملکی معاملات میں مداخلت کا تاریخ بتائے گی، شاہدخاقان عباسی
https://urdu.geo.tv/,پاکستان اسٹاک ایکسچینج میں شدید مندی، 100 انڈیکس میں 1400 سے زائد پوائنٹس کی کمی
https://urdu.geo.tv/,ٹرمپ انتظامیہ کا 5 لاکھ سے زائد تارکین وطن کی قانونی حیثیت ختم کرنے کا اعلان
https://urdu.geo.tv/,آئی ایم ایف نے جائیداد لین دین کی ٹیکس شرح کم کرنے سے انکار کردیا
https://urdu.geo.tv/,ذوالفقار بھٹو کی برسی پر سندھ میں 4 اپریل کوعام تعطیل کا اعلان
https://urdu.geo.tv/,25 سے 27 مارچ کے دوران پنجاب کے بیشتر اضلاع میں بارشوں کا امکان
https://urdu.geo.tv/,کیلیفورنیا میں خالصتان ریفرنڈم کیلئے ووٹنگ، 35 ہزار سکھوں نے حصہ لیا
https://urdu.geo.tv/,اسرائیل کا غزہ کے ناصراسپتال پر حملہ، حماس پولیٹیکل بیورو کے رکن سمیت 5 افرادشہید
https://urdu.geo.tv/,چینی کا وافر ذخیرہ موجود ہے، افواہوں کا مقصد عوام میں بے یقینی پیدا کرنا ہے: رانا تنویر
https://urdu.geo.tv/,عمران ہاشمی نے جاوید شیخ کے برے رویے سے متعلق بیان پر ردعمل دیدیا
https://urdu.geo.tv/,حج 2025 کیلئے سعودی حکومت نے لازمی شرط کا اعلان کر دیا
https://urdu.geo.tv/,اے آر رحمان نے دائرہ اسلام میں داخل ہوتے وقت خاندانی دباؤ کا سامنا کیا، بھارتی فلمساز کا انکشاف
https://urdu.geo.tv/,عرفان پٹھان کو آئی پی ایل کے کمنٹری پینل سے باہرکر دیا گیا، وجہ بھی سامنے آگئی
https://urdu.geo.tv/,بریانی میں فروٹ چاٹ ملا کر کھاتی ہوں: حرامانی
https://urdu.geo.tv/,جوفرا آرچر نے آئی پی ایل کی تاریخ کا سب سے مہنگا اسپیل کرا دیا
https://urdu.geo.tv/,تعمیر نو کیلئے مسجد شہید کردی جسکی وجہ سے وہاں اعتکاف نہ ہوسکا، کوئی گناہ ہوگا؟
https://urdu.geo.tv/,فوری طبی امداد: مسجد الحرام کی تیسری منزل پر ائیر ایمبولینس کی کامیاب آزمائشی لینڈنگ
https://urdu.geo.tv/,گوجرانوالہ سے 4 انسانی اسمگلرز گرفتار
https://urdu.geo.tv/,معروف گولفر ٹائیگر ووڈز نے ٹرمپ جونیئر کی سابقہ اہلیہ سے روابط کی تصدیق کردی
https://urdu.geo.tv/,دربار اور جرأت انکار
https://urdu.geo.tv/,افسر شاہی میں سیاست
https://urdu.geo.tv/,اسرائیل، بُرے وقت کی تلاش میں!
https://urdu.geo.tv/,مولانا کا مخمصہ
https://urdu.geo.tv/,کون غدار، کون محبِ وطن؟
https://urdu.geo.tv/,احسان فراموش
https://urdu.geo.tv/,دہشت گردی کے عذر خواہ!!
https://urdu.geo.tv/,پاکستان ترنوالہ نہیں!
https://urdu.geo.tv/,بلوچستان کے گرگٹ
https://urdu.geo.tv/,کہیں دیر نہ ہوجائے
https://urdu.geo.tv/,امریکی صدر پاکستان آرہے ہیں
https://urdu.geo.tv/,امریکا سے 'ناپسندیدہ شخص' قرار دیکر نکالے گئے جنوبی افریقی سفیر کا وطن پہنچنے پر پرتپاک استقبال
https://urdu.geo.tv/,انسٹا گرام میں اے آئی ٹیکنالوجی پر مبنی ایک نئے فیچر کا اضافہ
https://urdu.geo.tv/,سائیکل پر تنہا 12 ممالک کا سفر کرنے والی 66 سالہ خاتون کا دنیا گھومنے کا فیصلہ
https://urdu.arynews.tv/,چمیپئنز ٹرافی: بہت بے آبرو ہو کر ’’اپنے ہی‘‘ کوچے سے ہم نکلے
https://urdu.arynews.tv/,آج کے دور میں پہلے شادی ضروری ہے یا کیریئر؟
https://urdu.arynews.tv/,’دی ڈریمرز‘ نامی ڈاکیومنٹری کو سنسر سرٹیفکیٹ کیوں نہیں دیا گیا؟
https://urdu.arynews.tv/,تہذیبِ گم گشتہ کی کہانی اور عہدِ موجود کے زوال کا بیان۔ مذاقِ خاص
https://urdu.arynews.tv/,پاکستان دنیا میں عالمی دہشتگردی سے متاثرہ ممالک میں دوسرے نمبر پر
https://urdu.arynews.tv/,ویڈیو: بابر اور رضوان سے متعلق معصومانہ سوال، مصباح الحق کے جواب پر قہقہے لگ گئے
https://urdu.arynews.tv/,بجلی سستی! عوام کے لیے بڑی خبر آ گئی
https://urdu.arynews.tv/,چوتھا ٹی 20 میچ: نیوزی لینڈ نے پاکستان کو 115 رنز سے ہرا دیا
https://urdu.arynews.tv/,چیئرمین جوائنٹ چیفس آف اسٹاف کمیٹی اور سروس چیفس کی قوم کو یومِ پاکستان پر مبارکباد
https://urdu.arynews.tv/,”بابا شوکت علی…!“
https://urdu.arynews.tv/,”بس“ اور ”کافر“
https://urdu.arynews.tv/,جب عدم سگریٹ سلگا کر واپس گھر کی طرف چل پڑے
https://urdu.arynews.tv/,پوچھتے ہیں وہ کہ غالب کون ہے؟
https://urdu.arynews.tv/,امریکی صدر کے خط سے متعلق ایران کا بڑا بیان
https://urdu.arynews.tv/,عید کے موقع پر عوام کیلیے مہنگائی کا تحفہ تیار
https://urdu.arynews.tv/,ویڈیو: دنیا کی سب سے چھوٹی بکری کا عالمی ریکارڈ قائم
https://urdu.arynews.tv/,عصمت ریزی کی کوشش، لڑکی نے چلتی ٹرین سے چھلانگ لگادی
https://urdu.arynews.tv/,ویڈیو: مسجد الحرام کے صحنوں میں پھوار والے پنکھوں کا استعمال
https://urdu.arynews.tv/,رمضان المبارک کی 23 ویں شب مسجد الحرام میں 30 لاکھ زائرین...
https://urdu.arynews.tv/,صرف تین دن میں ’’10 لاکھ‘‘ بھیک جمع کرنے والا گداگر مسجد...
https://urdu.arynews.tv/,ٹرمپ کے صدر بننے کے بعد استعفیٰ دینے والی اٹارنی جنرل کی...
https://urdu.arynews.tv/,امریکا میں پھر آگ لگ گئی، ایمرجنسی نافذ، عوام کو انخلا کا...
https://urdu.arynews.tv/,ایسا نہیں لگتا کہ پیوٹن پورا یورپ حاصل کرنا چاہتے ہیں، وہ...
https://urdu.arynews.tv/,سعودی عرب میں نماز عید کا اعلان
https://urdu.arynews.tv/,ٹائیگرز ووڈز کی ونیسا ٹرمپ سے روابط کی تصدیق
https://urdu.arynews.tv/,امریکا اور یوکرین کے درمیان ریاض میں مذاکرات کا دور مکمل
https://urdu.arynews.tv/,’جیتو پاکستان‘ میں شعیب ملک کی انٹری کے وقت کیا ہوا؟ ویڈیو وائرل
https://urdu.arynews.tv/,سوشانت سنگھ کیس، ریحا چکرورتی کو کلیئر دیے جانے پر بھائی کا ردعمل
https://urdu.arynews.tv/,عالیہ اور رنبیر کے گھر دوسرے ننھے مہمان کی آمد جلد متوقع
https://urdu.arynews.tv/,شاہ رخ نے بھارتی قومی ترانے کے دوران کیا طرز عمل اختیار کیا؟
https://urdu.arynews.tv/,جی میل صارفین کیلیے اہم خبر، جدید سہولت متعارف
https://urdu.arynews.tv/,آئی فون کی قیمتوں‌ کے حوالے سے اہم خبر
https://urdu.arynews.tv/,’’ستاروں سے آگے جہاں اور بھی ہیں‘‘، مزید 2 کروڑ 60 لاکھ کہکشائیں...
https://urdu.arynews.tv/,واٹس ایپ ہیک ہونے سے بچانے کے لیے صارفین کو ہدایت جاری
https://urdu.arynews.tv/,پاک افغان سرحد پر خارجیوں کی دراندازی کی کوشش؛ 16 دہشتگرد ہلاک
https://urdu.arynews.tv/,ہم پاکستان کو مضبوط اور ترقی یافتہ بنائیں گے، صدر مملکت
https://urdu.arynews.tv/,یوم پاکستان آج ملی جوش وجذبے کے ساتھ منایا جا رہا ہے
https://urdu.arynews.tv/,مصطفی عامر قتل کیس میں نیا ٹوئسٹ : ملزم ارمغان اپنے بیان سے پھر مکر گیا
https://urdu.arynews.tv/,سفری پابندیاں لگانے کی ڈیڈ لائن : امریکی محکمہ خارجہ کا اہم بیان آگیا
https://urdu.arynews.tv/,پاکستان کا سلامتی کونسل سے غزہ میں اسرائیلی جارحیت کیخلاف فیصلہ کن اقدام کا مطالبہ
https://urdu.arynews.tv/,پاکستان نے اسٹار لنک کو این او سی جاری کر دیا
https://urdu.arynews.tv/,سندھ حکومت کا عیدالفطر کی چھٹیوں کا اعلان
https://urdu.arynews.tv/,عیدالفطر پر تعلیمی اداروں میں طویل چھٹیاں ! طلبا کے لیے بڑی خوشخبری
https://urdu.arynews.tv/,اسلحہ کامران قریشی نے خرید کر ارمغان کو دیا، خریداری کی فوٹیجز مل گئیں
https://urdu.arynews.tv/,دفتر خارجہ کا پاکستانی وفد کے دورہ اسرائیل سے متعلق لاعلمی کا اظہار
https://urdu.arynews.tv/,گاڑی خریدنے کے خواہشمند افراد کے لیے بڑی خوشخبری
https://urdu.arynews.tv/,بڑا ریلیف: 1400 روپے کلو میں ملنے والا بچھیا کا گوشت 700 روپے میں ملنے لگا
https://urdu.arynews.tv/,پاکستانی کرنسی کے مقابلے میں سعودی ریال کا ریٹ
https://urdu.arynews.tv/,ملک میں سونا مزید سستا ہوگیا
https://www.dawnnews.tv/,اسلام آباد ہائیکورٹ نے عمران خان سے اڈیالہ جیل میں منگل اور جمعرات کو ملاقات بحال کردی
https://www.dawnnews.tv/,حکومت کا ٹیکس پالیسی آفس کوجلد فعال کرنے کا فیصلہ، اہم تعیناتیوں کیلئے اسامیاں مشتہر
https://www.dawnnews.tv/,تفتیشی ٹیم نے مصطفیٰ عامر قتل کیس خراب کردیا، محکمہ پراسیکیوشن کا آئی جی کو خط
https://www.dawnnews.tv/,غزہ: اسرائیلی حملوں میں ایک اور حماس رہنما سمیت 16 فلسطینی شہید، امریکا کی یمن پر بمباری
https://www.dawnnews.tv/,حکومت کا چینی 162 روپے کلو ہونے کا دعویٰ، مارکیٹ میں 180 روپے کلو تک فروخت جاری
https://www.dawnnews.tv/,مسلسل ساتویں سال PSL سیزن 10 کے لئے ٹیٹرا پیک پاکستان اسلام آباد یونائیٹڈ کا نیوٹریشن پارٹنر بن گیا
https://www.dawnnews.tv/,بی ایل اے کا بنیاد پرست طلبہ تنظیم سے عسکریت پسند قوت بننے تک کا سفر
https://www.dawnnews.tv/,’لوگوں کو آپس میں لڑاؤ اور حکومت کرو‘
https://www.dawnnews.tv/,روزے رکھتے ہیں، ہم بھی مسلمان ہیں، منال خان کا تنقید کرنے والوں کو جواب
https://www.dawnnews.tv/,بیٹے کی جانب سے براہ راست شو میں ٹرول کرنے پر ندا یاسر کا شکوہ
https://www.dawnnews.tv/,عطیات دینا، دوسروں کی مدد کرنا بڑی تنخواہ سے زیادہ سکون کا سبب، تحقیق
https://www.dawnnews.tv/,شعیب اختر نے سہواگ کو گنیز ورلڈ ریکارڈز میں نام درج کروانے کی پیشکش کیوں کی؟
https://www.dawnnews.tv/,سندھ حکومت کا ذوالفقار علی بھٹو کی برسی پر 4 اپریل کو عام تعطیل کا اعلان
https://www.dawnnews.tv/,سعودی عرب میں ایک ہفتے کے دوران 25 ہزار غیر قانونی تارکین گرفتار
https://www.dawnnews.tv/,وفاقی تعلیمی اداروں میں عید اور موسم بہار کی چھٹیوں کا اعلان
https://www.dawnnews.tv/,آزاد کشمیر حکام نے نوجوان جوڑے کی لاشیں بھارتی حکام کے حوالے کردیں
https://www.dawnnews.tv/,حکومت کا اضافی بجلی کو کرپٹو مائننگ کیلئے استعمال کرنے کا منصوبہ
https://www.dawnnews.tv/,جی میل میں اے آئی ٹول متعارف
https://www.dawnnews.tv/,سیٹلائٹ انٹرنیٹ کی جانب قدم، ایلون مسک کی کمپنی اسٹار لنک کو این او سی جاری
https://www.dawnnews.tv/,سندھ میں 78 لاکھ بچوں کے اسکولوں میں داخل نہ ہونے کا انکشاف
https://www.dawnnews.tv/,آئی ایم ایف کی جانب سے حکومتی منصوبہ مسترد، بجلی کی قیمتوں میں کمی نہ ہوسکی
https://www.dawnnews.tv/,کراچی فش ہاربر کو یورپی یونین کے آڈٹ سے قبل بہتر بنانے کی تیاریاں جاری
https://www.dawnnews.tv/,’پسوڑی‘ پسند نہیں، والدہ علی سیٹھی
https://www.dawnnews.tv/,مردہ خانے سے لاشیں لے جانے پر ماہ رنگ بلوچ سمیت 150 افراد کیخلاف دہشتگردی کا مقدمہ
https://www.dawnnews.tv/,کراچی اور ڈھاکا کو 2050 تک 54 لاکھ موسمیاتی پناہ گزینوں کا سامنا ہوگا، اقوام متحدہ
https://www.dawnnews.tv/,دریائے سندھ پر 6 نئی کینال کا منصوبہ
https://www.dawnnews.tv/,"""استحکام پاکستان پارٹی کیا پی ٹی آئی پارٹ 2 ہے"""
https://www.dawnnews.tv/,"""اپنے بچوں کو بھوکا مت سلائیں، پیسے نہیں تو سبزی مفت لے جائیں"""
https://www.dawnnews.tv/,نازش جہانگیر کے وارنٹ گرفتاری منسوخ، اداکارہ عدالت پیش ہوگئیں
https://www.dawnnews.tv/,امریکا سے نکالے گئے سفیر کے جنوبی افریقہ پہنچنے پر استقبال کیلئے عوامی سیلاب امڈ آیا
https://www.dawnnews.tv/,کراچی: اورنگی ٹاؤن میں سحری کے وقت مسجد کے پیش امام کا قتل
https://www.dawnnews.tv/,کراچی: صدیوں کی کتھا! (انتیسویں قسط)
https://www.dawnnews.tv/,بچوں میں اسکرینز کے استعمال کا بڑھتا رجحان، والدین کو کیا کرنا چاہیے؟
https://www.dawnnews.tv/,’آج بلوچستان میں جو کچھ ہورہا ہے وہ ہماری دہائیوں کی ناقص پالیسیز کا نتیجہ ہے‘
https://www.dawnnews.tv/,طورخم بارڈر پر اسمگلنگ میں ملوث 50 بچے جرگے کے ذریعے افغانستان ڈی پورٹ
https://www.dawnnews.tv/,حرا مانی کی نعت پڑھنے کے دوران اشکبار ہونے کی ویڈیو وائرل
https://www.dawnnews.tv/,ارمغان کیخلاف حوالہ ہنڈی، امریکی شہریوں سے فراڈ پر منی لانڈرنگ کا مقدمہ درج
https://www.dawnnews.tv/,کراچی میں احتجاج، ٹریفک شدید جام
https://www.dawnnews.tv/,کراچی میں گرمی مزید بڑھنے کا امکان
https://www.dawnnews.tv/,کراچی میں 5 بھائیوں پر فائرنگ کا واقعہ
https://www.dawnnews.tv/,ڈی جی خان: پنجاب پولیس کی جھنگی چیک پوسٹ پر دہشتگردوں کا ایک اور حملہ ناکام
https://www.dawnnews.tv/,شوہر کے فراڈ کیس میں نادیہ حسین کے بینیفشری ہونے کا انکشاف
https://www.dawnnews.tv/,ملک کے 18 اضلاع کے سیوریج نمونوں میں پولیو وائرس کی تصدیق
https://www.dawnnews.tv/,ون ڈے سیریز کیلئے قومی کرکٹ ٹیم کے 9 کھلاڑی نیوزی لینڈ روانہ
https://www.dawnnews.tv/,چوتھا ٹی 20: نیوزی لینڈ نے پاکستان کو 115 رنز سے شکست دے کر سیریز جیت لی
https://www.dawnnews.tv/,موسمیاتی تبدیلیاں: 1970 سے 4 ہزار ارب ڈالر کا نقصان، 20 لاکھ لوگ ہلاک ہوئے، اقوام متحدہ
https://www.dawnnews.tv/,راکھی ساونت نے عمرے کی ادائیگی کی ویڈیوز شیئر کردیں
https://www.dawnnews.tv/,صارفین نے احمد علی بٹ سے عورت مارچ کی فنڈنگ کے دعوے کے ثبوت مانگ لیے
https://www.dawnnews.tv/,اسرائیلی حملوں میں شہید ہونیوالے فلسطینیوں کی تعداد 50 ہزار سے تجاوز کرگئی
https://www.dawnnews.tv/,سیکیورٹی فورسز نے پاک افغان سرحد پر دراندازی کی کوشش ناکام بنادی، 16 خارجی دہشت گرد ہلاک
https://www.dawnnews.tv/,نازش جہانگیر کا خود سے متعلق غلط معلومات پھیلانے والوں کے خلاف کارروائی کا اعلان
https://www.dawnnews.tv/,’فی الحال‘ زبردست ہوں، مشہور ہو رہا ہوں، دانش تیمور کی ایک اور ویڈیو وائرل
https://www.independenturdu.com/,غزہ: اسرائیلی فضائی حملوں کے بعد زمینی کارروائی میں تیزی، ’رفح کا محاصرہ‘
https://www.independenturdu.com/,طالبان کی قید میں برطانوی جوڑے کے ’مقدمے میں تاخیر‘، خاندان صحت کے لیے فکرمند
https://www.independenturdu.com/,لاہور میں چار دن میں چار خواتین قتل، تاحال کوئی گرفتاری نہ ہو سکی: پولیس
https://www.independenturdu.com/,کینسر کو شکست دے کر مؤذن برقرار رہنے والے کوئٹہ کے عبدالسمیع
https://www.independenturdu.com/,کیا عظیم لوگ خود کو واقعی عظیم سمجھتے بھی ہیں؟
https://www.independenturdu.com/,دو انتہاؤں میں تقسیم معاشرہ
https://www.independenturdu.com/,مسئلہ بلوچستان سے جڑے 4 دلچسپ حقائق
https://www.independenturdu.com/,بلوچستان سکیورٹی خدشات: تین جامعات بند، کلاسز آن لائن
https://www.independenturdu.com/,فلسطین کے لیے احتجاج: کولمبیا یونیورسٹی نے چند طلبہ کو نکال دیا
https://www.independenturdu.com/,مائنڈ میپنگ کی ماہر ایما عالم کے لیے متحدہ عرب امارات کا گولڈن ویزا
https://www.independenturdu.com/,انڈین اور برطانوی فلمی شخصیات کی غزہ میں اسرائیلی حملوں کی مذمت
https://www.independenturdu.com/,اسرائیل کے غزہ پر حملے، 30 فلسطینی شہری قتل
https://www.independenturdu.com/,پاکستان اور افغانستان کا اعلیٰ سطحی رابطے اور بات چیت پر اتفاق
https://www.independenturdu.com/,عاصمہ شیرازی مسائلستان کا حل صرف سیاست!
https://www.independenturdu.com/,آمنہ مفتی یہ ہو کیا رہا ہے؟
https://www.bbc.com/urdu,امریکی پروفیسر، فلسطینی اہلیہ اور حماس کی حمایت کا الزام: امریکہ میں زیرِ حراست طالب علم بدر خان سوری کون ہیں؟
https://www.bbc.com/urdu,سکیورٹی فورسز کی کارروائیاں اور پاکستانی طالبان کا بڑھتا پروپیگنڈہ: حکومت کو شدت پسندوں کے بیانیے پر کنٹرول میں کیا مشکلات درپیش ہیں؟
https://www.bbc.com/urdu,وہ سکینڈل جس پر فلم سٹوڈیو نے ایک لیب ٹیکنیشن کو سٹار بنا دیا
https://www.bbc.com/urdu,اردوغان کے حریف امام وغلو کی گرفتاری پر ترکی میں احتجاجی مظاہرے: ’ترک عوام اسے قبول نہیں کریں گے‘
https://www.bbc.com/urdu,لاپتہ پیاروں کی متلاشی بلوچ خواتین: ’دل سے ڈر ختم ہو چکا، بس کسی بھی طرح ہمیں اپنے بھائیوں کو واپس لانا ہے‘
https://www.bbc.com/urdu,کوئٹہ میں 13 ’نامعلوم لاشوں‘ کی تدفین: یہ لوگ کون تھے اور بی بی سی نے قبرستان میں کیا دیکھا؟
https://www.bbc.com/urdu,غلامی سے قید اور پھر حکمرانی، حضرت یوسف اور زلیخا کا قصّہ قرآن، بائبل اور یہودی روایات میں
https://www.bbc.com/urdu,’صرف سگریٹ نوشی پر شرمندہ‘ پیر پگارا ششم جنھیں انگریزوں نے بغاوت کے الزام میں پھانسی دے کر تدفین کا مقام خفیہ رکھا
https://www.bbc.com/urdu,جنگ بندی کے باوجود غزہ پر اسرائیلی حملوں کے پیچھے چھپی نتن یاہو کی حکمت عملی اور نیا امریکی منصوبہ
https://www.bbc.com/urdu,نتن یاہو نے اسرائیل کی سکیورٹی سروس کے سربراہ کو کیوں برطرف کیا؟
https://www.bbc.com/urdu,شام میں علوی فرقے سے تعلق رکھنے والے افراد کا قتل، عینی شاہدین نے بی بی سی کو کیا بتایا؟
https://www.bbc.com/urdu,سعودی عرب نے جارحانہ حکمت عملی ترک کر کے ’بین الاقوامی ثالث‘ کا کردار کیوں اپنایا اور بطور ثالث یہ قطر سے کیسے مختلف ہے؟
https://www.bbc.com/urdu,ٹی ٹی پی کی کرپٹو کرنسی کے ذریعے چندہ جمع کرنے کی کوشش: پاکستان میں شدت پسندوں کے ڈیجیٹل کرنسی کے استعمال کو کیسے روکا جا سکتا ہے؟
https://www.bbc.com/urdu,ڈاؤن سنڈروم: ’ابتدا سے توجہ دینے کا پھل ملا، آج میری بیٹی ایک کامیاب کاروبار چلاتی ہے‘
https://www.bbc.com/urdu,سٹارلنک کو ’وزیر اعظم کی ہدایت پر‘ عارضی این او سی جاری: پاکستان میں سیٹلائٹ انٹرنیٹ کیسے کام کرے گا؟
https://www.bbc.com/urdu,’ہارڈ سٹیٹ‘: آہنی ریاست کی جگہ ایک آدھ بار مکمل آئینی ریاست بن کر دیکھیں
https://www.bbc.com/urdu,کشمیر میں مذہب، سیاست اور ثقافت کی علامت چنار کا درخت جس کا بچاؤ اب ’جیو ٹیگِنگ‘ سے ہو گا
https://www.bbc.com/urdu,ٹرمپ کی ’ٹیرف وار‘ جس سے انڈیا کو دیگر ملکوں کی نسبت ’زیادہ نقصان‘ کا خدشہ ہے
https://www.bbc.com/urdu,افغانستان میں لڑکیوں کے لیے سکولوں کی جگہ مدارس، مکمل پردے میں لڑکیاں اب کیا پڑھتی ہیں؟
https://www.bbc.com/urdu,اورنگزیب کا خلد آباد میں سادہ سا مقبرہ اور قبر پر پودا اُگانے کی وصیت
https://www.bbc.com/urdu,پاکستان کو 115 رنز کی بھاری شکست، کیویز نے سیریز اپنے نام کر لی: ’ایک میچ میں ہیرو دوسرے میں زیرو یہ ہے ماڈرن ڈے کرکٹ‘
https://www.bbc.com/urdu,جارج فورمین کی وفات: چیمپیئن باکسر جنھیں یقین تھا کہ وہ محمد علی کو پہلے ہی راؤنڈ میں ناک آؤٹ کر دیں گے
https://www.bbc.com/urdu,آئی پی ایل میں گیند پر تھوک کے استعمال کی اجازت اور بولرز کو ٹورنامنٹ میں ’ریورس سوئنگ کی واپسی‘ کی امید
https://www.bbc.com/urdu,پاکستان کی نیوزی لینڈ کے خلاف نو وکٹوں سے فتح: حسن نواز جنھوں نے سب سے تیز سنچری بنا کر بابراعظم کا ریکارڈ توڑا
https://www.bbc.com/urdu,جب برطانیہ میں صدیوں پرانا قیمتی خزانہ دریافت کرنے والوں کو جیل جانا پڑا
https://www.bbc.com/urdu,دہائیوں تک سوویت قبضے میں رہنے والے وہ یورپی ممالک جو اب پوتن کی ممکنہ جارحیت سے خائف ہیں
https://www.bbc.com/urdu,بجلی گھر میں آتشزدگی کی وجہ سے بند ہیتھرو ایئرپورٹ پر پروازوں کی آمدورفت بحال: ’آگ کے پیچھے کوئی مشکوک وجہ نہیں‘
https://www.bbc.com/urdu,جارج گلیزمین: کابل میں امریکی وفد اور افغانستان میں دو سال سے قید مکینک کی رہائی
https://www.bbc.com/urdu,نذیر سے ندیم بیگ تک کا سفر: اسلامیہ کالج کراچی کا شرمیلا گریجویٹ، جو کرکٹ بھی اتنی ہی اچھی کھیلتا، جتنا اچھا وہ گاتا تھا
https://www.bbc.com/urdu,1.7 ارب روپے کے ٹوائلٹ کی چوری میں تین افراد کو سزائیں لیکن ٹوائلٹ پھر بھی برآمد نہ کیا جا سکا
https://www.bbc.com/urdu,محمد علی: پائلٹ بننے کا خواہشمند مذہبی گھرانے کا نوجوان ’شہنشاہِ جذبات‘ کیسے بنا
https://www.bbc.com/urdu,میرے پاس ’فی الحال‘ تم ہو: پاکستانی فنکار اور دوسری شادی کا خبط
https://www.bbc.com/urdu,ٹک ٹاک پر دبلے نظر آنے والے لوگوں کو ’فربہ‘ دکھانے والے فلٹر پر پابندی کا مطالبہ: ’یہ باڈی شیمنگ کی ایک شکل ہے‘
https://www.bbc.com/urdu,برش کی ساخت، ٹوتھ پیسٹ کے اجزا اور مخصوص تکنیک: دانت صاف کرنے کا صحیح وقت اور طریقہ کیا ہے؟
https://www.bbc.com/urdu,کیا آپ کسی کا کھویا ہوا بٹوہ لوٹائیں گے؟ دنیا بھر میں خوشی کو ناپنے والے تجربے کے حیران کن نتائج
https://www.bbc.com/urdu,ڈارک انرجی: وہ پراسرار قوت جس نے آئن سٹائن کے کائناتی نظریے کو ہلا کر رکھ دیا ہے
https://loksujag.com/,انصاف کی راہ میں گھات لگائے راہزن: اپنی جان لینے والے نیسلے ملازم کی کہانی
https://loksujag.com/,سولر لگانے والے کیوں پریشان ہیں؟
https://loksujag.com/,دریاؤں کے لئے کچھ کرنے کے عالمی دن پر دریائے سندھ کو خراج تحسین
https://loksujag.com/,مزدور انصاف مانگتا ہے، عدالت تاریخ دے دیتی ہے
https://loksujag.com/,گناہ بے لذت: گلگت بلتستان میں لوڈشیڈنگ کم کر نے کے لیے ڈیزل جنریٹرز، بجلی تو پھر بھی نہ آئی اور آلودگی بڑھ گئی
https://loksujag.com/,برطانیہ کی پنجابی دشمنی ہمارے حکمران لے کر چل رہے ہیں
https://loksujag.com/,'کسان کھڑی فصلوں پہ ہل چلا رہے ہیں، سبزیوں کی اتنی بے قدری کبھی نہیں دیکھی'
https://loksujag.com/,شینا کوہستانی یا انڈس کوہستانی: اصلی 'کوہستانی' زبان کون سی ہے؟
https://loksujag.com/,پاکستان میں لسانی شناختوں کی بنتی بگڑتی بساط: مردم شماریوں کے ڈیٹا کی نظر سے
https://loksujag.com/,'میواتی خود کو اردو کا وارث سمجھتے تھے اور اسے اپنی زبان مانتے رہے': ہجرت کے 76 سال بعد میواتی کو زبان کا درجہ کیسے ملا؟
https://loksujag.com/,بڑے ڈیمز اور توانائی کے میگا منصوبےکیا واقعی ملک اور معیشت کے لیے ضروری ہیں؟
https://loksujag.com/,درخت کاٹو یہاں سے بجلی گزرے گی
https://urdu.geo.tv/,وفاقی وزارت داخلہ نے کے پی حکومت سےافغان طلبہ کا ریکارڈ طلب کرلیا
https://urdu.geo.tv/,7 آئی پی پیز کی حکومت کو بجلی سستی اور 11 ارب سے زائد کا سرچارج معاف کرنیکی مشروط پیشکش
https://urdu.geo.tv/,پشاور: نجی بینک کی کیش وین لوٹنے والے ملزمان گرفتار، 3 کروڑ روپے بھی برآمد
https://urdu.geo.tv/,سی ٹی ڈی نے جعفر ایکسپریس حملےکے 4 مبینہ سہولتکاروں کو حراست میں لے لیا
https://urdu.geo.tv/,کراچی میں آج سے گرمی کی شدت میں کمی کا امکان، تیز ہوائیں چلیں گی
https://urdu.geo.tv/,آرمی چیف جنرل عاصم منیر کی والدہ قضائے الٰہی سے وفات پاگئیں
https://urdu.geo.tv/,کراچی: قائد آباد میں ٹریفک حادثے کا مقدمہ درج، ڈرائیور گرفتار
https://urdu.geo.tv/,پاکستان نے سلامتی کونسل میں مسئلہ کشمیر بھرپور انداز میں اٹھا دیا
https://urdu.geo.tv/,23 سالہ فلسطینی صحافی جس نے خط میں اپنی شہادت کی پیشگوئی کردی تھی، خط میں مزید کیا لکھا تھا؟
https://urdu.geo.tv/,سونا سیکڑوں روپے سستا ہوگیا
https://urdu.geo.tv/,پاکستان کیخلاف نیوزی لینڈ اسکواڈ میں پاکستانی کرکٹر کا بیٹا بھی شامل، یہ سابق کرکٹر کون ہیں؟
https://urdu.geo.tv/,'یہ انڈیا نہیں آسٹریلیا ہے'، نیہا ککڑ کانسرٹ میں تاخیر سے پہنچنے پر اسٹیج پر پھوٹ پھوٹ کر رو پڑیں، ویڈیو وائرل
https://urdu.geo.tv/,ناران میں جھیل سیف الملوک روڈ پر گلیشیئر گھروں اور ہوٹلز پر آگرا
https://urdu.geo.tv/,تمیم اقبال آئی سی یو میں زیر علاج، بنگلادیشی کرکٹر کیلئے 24 گھنٹے اب بھی اہم قرار
https://urdu.geo.tv/,46 سال تک کال کوٹھری میں گزارنے والے بے گناہ شخص کو بطور تلافی 4 ارب روپے دینے کا فیصلہ
https://urdu.geo.tv/,سوشل میڈیا چیلنج مہنگا پڑگیا، لڑکی کی مٹھی بوائے فرینڈ کے منہ میں پھنس گئی
https://urdu.geo.tv/,جب بیوی کال کرکے بولے مجھے بات کرنی ہے تو مشکل میں آجاتا ہوں: ابھیشیک
https://urdu.geo.tv/,جیا بچن نے ریکھا کو گھر بلاکر امیتابھ سے متعلق کیا کہا تھا؟ بھارتی مصنف کے انکشافات
https://urdu.geo.tv/,عدلیہ کی بنیادوں میں بارُود!!
https://urdu.geo.tv/,نواز شریف نے بلوچستان میں مذاکرات کرنے کی کوشش کی رائے دی ہے: خرم دستگیر
https://urdu.geo.tv/,غزہ: اسرائیلی بمباری سے مزید 61 شہادتیں، آسکر ایوارڈ جیتنے والا فلسطینی ڈائریکٹر بھی گرفتار
https://urdu.geo.tv/,حکومتی دعویٰ دھرا کا دھرا رہ گیا، عوام 163 روپے کلو کے بجائے مہنگی چینی لینے پر مجبور
https://urdu.geo.tv/,گوگل میپس کا ایسا دلچسپ فیچر جس کا علم بہت کم افراد کو ہے
https://urdu.geo.tv/,پائلٹ کے پاسپورٹ بھول جانے پر طیارہ 2 گھنٹے کی پرواز کے بعد واپس لوٹ آیا
https://urdu.arynews.tv/,عید الفطر پر افسران اور ملازمین کو بونس دینے کا اعلان
https://urdu.arynews.tv/,ملیر ٹینکر حادثے کو روکا جا سکتا تھا، مگر کیسے؟ کے راٹ کی رپورٹ میں انکشاف
https://urdu.arynews.tv/,کن خوش نصیبوں کو 1000 مفت ٹریکٹرز مل رہے ہیں؟
https://urdu.arynews.tv/,فلسطینیوں پر ہوئے مظالم کی عکاسی کرنے والا خود صیہونیوں کا نشانہ بن گیا
https://urdu.arynews.tv/,پاکستان آئی پی پیز کے چُنگل سے کیسے نکل سکتا ہے؟ ماہر توانائی نے بتادیا
https://urdu.arynews.tv/,سر سیّد احمد خان جنھوں نے اکثر بہت کڑوے طریقے سے اپنا مافی الضمیر بیان کیا
https://urdu.arynews.tv/,پی آئی اے کی نجکاری کا منصوبہ منظور، 51 سے 100 فی صد شیئرز فروخت ہوں گے
https://urdu.arynews.tv/,ملک میں سونے کی قیمت میں بڑی کمی
https://urdu.arynews.tv/,عید پر8 چھٹیاں! سرکاری ملازمین کے لیے بڑی خوشخبری
https://urdu.arynews.tv/,’’مافوق الفطرت صلاحیتوں کا دعویٰ‘‘، دل کے مریض نوجوان کی حیرت انگیز ویڈیوز دیکھیں
https://urdu.arynews.tv/,سابق عالمی باکسر سویتی بورا کا تھانے میں شوہر پر حملہ، ویڈیو وائرل
https://urdu.arynews.tv/,ریاض میں روس امریکا مذاکرات، دوسری جنگ عظیم کے بعد یورپ کے مہلک ترین تنازع کے خاتمے کی امید
https://urdu.arynews.tv/,عیدالفطر کی تعطیلات میں سعودی عرب میں کون سے دفاتر کھلیں گے؟
https://urdu.arynews.tv/,مسجد الحرام کے بلند وبالا میناروں کی خصوصیات کیا ہیں؟
https://urdu.arynews.tv/,’’مافوق الفطرت صلاحیتوں کا دعویٰ‘‘، دل کے مریض نوجوان کی حیرت انگیز...
https://urdu.arynews.tv/,سعودی عرب میں 28 مارچ تک شدید بارشوں کا الرٹ جاری
https://urdu.arynews.tv/,امریکی امیگریشن پالیسی میں سختی، برطانیہ اور جرمنی کا اپنے...
https://urdu.arynews.tv/,اپنی سالگرہ کا کیک کاٹنے سے چند لمحے قبل نوجوان قتل
https://urdu.arynews.tv/,کیا پاکستانیوں پر امریکا میں داخلے پر پابندی کا فیصلہ ہوگیا ؟...
https://urdu.arynews.tv/,خاتون نے فلائی اوور سے چھلانگ لگا کر زندگی کا خاتمہ کرلیا
https://urdu.arynews.tv/,ہانیہ عامرکو برطانیہ میں اسٹارآف پاکستان ایوارڈ سے نوازا گیا
https://urdu.arynews.tv/,ارباز خان کے والد اپنی بہو خوشبو سے ناراض کیوں؟ وجہ بتادی
https://urdu.arynews.tv/,معروف بھارتی اداکار انتقال کرگئے
https://urdu.arynews.tv/,روہت شرما کی اہلیہ ریتیکا نے دھناشری ورما پر طنز کیوں کیا؟
https://urdu.arynews.tv/,اے آئی چیٹ باٹ ”چیٹ جی پی ٹی“ کے...
https://urdu.arynews.tv/,ٹیکنالوجی کی ترقی کے باوجود سمندروں کی دریافت میں رکاوٹیں کیوں؟ اہم معلوماتی...
https://urdu.arynews.tv/,آرمی چیف جنرل سید عاصم منیر کی والدہ ماجدہ رضائے الٰہی سے وفات پاگئیں
https://urdu.arynews.tv/,کراچی میں واٹر ٹینکر کی ٹکر سے ڈیلیوری کے لیے جانے والی خاتون اور مرد جاں بحق
https://urdu.arynews.tv/,اپوزیشن تنگ نظری کی سیاست چھوڑ کر عوام کا سوچے، بلاول بھٹو
https://urdu.arynews.tv/,ڈیوڈ وارنر کراچی کنگز کے کپتان مقرر
https://urdu.arynews.tv/,وزارت خزانہ کا ٹیکس پالیسی آفس کے لیے ایک ڈی جی 5 ڈائریکٹرز تعینات کرنے کا فیصلہ، درخواستیں طلب
https://urdu.arynews.tv/,پاکستانی روپے کے مقابلے میں سعودی ریال کا ریٹ
https://urdu.arynews.tv/,پاکستان میں کتنے افراد کے پاس مالیاتی اکاؤنٹس ہیں؟
https://urdu.arynews.tv/,پاکستان میں سونے کی قیمت میں اضافہ، فی تولہ کتنے کا ہوگیا؟
https://www.dawnnews.tv/,بلوچستان میں ہڑتال، سردار اختر مینگل کا وڈھ سے کوئٹہ تک لانگ مارچ کا اعلان
https://www.dawnnews.tv/,معمول سے 40 فیصد کم بارشیں، آبی ذخائر خالی ہونے کے قریب، 3 صوبوں میں خشک سالی کا الرٹ جاری
https://www.dawnnews.tv/,پاکستان کبھی سافٹ اسٹیٹ نہیں رہا، وہی پالیسی اپنانی چاہیے جس سے دہشتگردی کا خاتمہ ہو، افتخار حسین
https://www.dawnnews.tv/,کراچی: سمی دین بلوچ سمیت 4 افراد ایم پی او ایکٹ کے تحت ایک ماہ کیلئے زیرحراست
https://www.dawnnews.tv/,فرحان ملک عدالتی ریمانڈ پر جیل منتقل، درخواست ضمانت پر نوٹس جاری
https://www.dawnnews.tv/,اورنگزیب کی 300 سال پرانی قبر کھود کر ہندوتوا حامی آخر کیا حاصل کرلیں گے؟
https://www.dawnnews.tv/,سلمان خان کا خود سے نصف عمر ہیروئن کے ساتھ کام کا طعنہ دینے والے کو کرارا جواب
https://www.dawnnews.tv/,ساہیوال میں پالتو کتے نے پولیس کو مالک کے قاتلوں تک پہنچادیا
https://www.dawnnews.tv/,گانوں کی طرز پر بنی حمد و نعت کو پروموٹ نہ کریں، فضا علی کی درخواست
https://www.dawnnews.tv/,ہانیہ عامر کے لیے برطانوی پارلیمنٹ کا ایوارڈ
https://www.dawnnews.tv/,اپریل میں مہنگائی بڑھ کر 2 سے 3 فیصد تک پہنچنے کا خدشہ
https://www.dawnnews.tv/,بنگلہ دیش کرکٹ ٹیم کے سابق کپتان تمیم اقبال کو دوران میچ دل کا دورہ
https://www.dawnnews.tv/,ٹوبہ ٹیک سنگھ: غیرت کے نام پر خاتون کے قتل پر باپ، بیٹے کو سزائے موت
https://www.dawnnews.tv/,واٹس ایپ اسٹیٹس پر میوزک شیئر کرنے کا آسان فیچر پیش کرنے کا امکان
https://www.dawnnews.tv/,پاکستان میں اسٹار لنک کو آپریشنل کرنے کا مرحلہ وار عمل جاری
https://www.dawnnews.tv/,قائمہ کمیٹی کا وزارت موسمیاتی تبدیلی کی کارکردگی پر عدم اطمینان کا اظہار
https://www.dawnnews.tv/,آرمی چیف کی والدہ انتقال کرگئیں، صدر، وزیراعظم اور اہم شخصیات کا اظہار تعزیت
https://www.dawnnews.tv/,پاکستان کا 9 ہمسایہ ممالک کیساتھ تجارتی خسارہ 7.36 ارب ڈالر تک جاپہنچا
https://www.dawnnews.tv/,وفاقی حکومت میں تعینات پروفیشنلز کو مزید مراعات دینے کا فیصلہ
https://www.dawnnews.tv/,کامیڈین کنال کامرا کا ’شیو سینا‘ سیاست دان کو غدار کہنے پر معافی مانگنے سے انکار
https://www.dawnnews.tv/,حکومت منافع کے بجائے پیداواری لاگت دیکر گندم خریدلے، چیئرمین کسان اتحاد
https://www.dawnnews.tv/,ترکیہ کے دارالحکومت انقرہ میں احتجاج کرنے پر پابندی میں یکم اپریل تک توسیع
https://www.dawnnews.tv/,اسرائیل کی غزہ پر شدید بمباری، خواتین اور بچوں سمیت درجنوں فلسطینی شہید
https://www.dawnnews.tv/,اوکاڑہ: بیٹی نے شادی میں رکاوٹ بننے پر حافظ قرآن نابینا باپ کو فائرنگ کرکے قتل کردیا
https://www.dawnnews.tv/,کوئٹہ سے اندرون ملک ٹرین سروس کی بحالی کیلئے سیکیورٹی کلیئرنس کا انتظار
https://www.dawnnews.tv/,بجلی کا بل کم کرنے کے وظیفہ پر جویریہ سعود کا تبصرہ وائرل
https://www.dawnnews.tv/,منی لانڈرنگ کیس میں ایف آئی اے کو ارمغان کا ریمانڈ نہ مل سکا، جیل بھیج دیا گیا
https://www.dawnnews.tv/,آسکر ایوارڈ یافتہ دستاویزی فلم کے شریک فلسطینی ہدایتکار پر یہودی آبادکاروں کا حملہ، گرفتار بھی کرلیا گیا
https://www.dawnnews.tv/,بلیک میل کرنے والوں کے خلاف مقدمہ اور ہتک عزت کا دعویٰ دائر کردیا، نازش جہانگیر
https://www.dawnnews.tv/,وائٹ ہاؤس کا یمن پر حملے کا خفیہ منصوبہ حادثاتی طور پر صحافی کو بھیجنے جانے کا انکشاف
https://www.dawnnews.tv/,بنگلہ دیشی عدالت کا کرکٹر شکیب الحسن کے اثاثے ضبط کرنے کا حکم
https://www.dawnnews.tv/,ہربھجن سنگھ کے جوفرا آرچر کیخلاف نسلی امتیاز پر ریمارکس پر تنازع
https://www.dawnnews.tv/,اعلیٰ اختیاراتی کمیٹی کا غیر قانونی تارکین وطن کی ملک بدری اور دیگر امور پر غور
https://www.dawnnews.tv/,سی بی آئی نے پانچ سال بعد سشانت سنگھ راجپوت کی موت کے کیسز بند کردیے
https://www.dawnnews.tv/,مصر نے غزہ میں جنگ بندی معاہدے کی بحالی کیلئے نئی تجویز پیش کر دی
https://www.dawnnews.tv/,سلمان خان کی ’سکندر‘ کے ٹریلر کا ریکارڈ
https://www.dawnnews.tv/,عمران ہاشمی نے جاوید شیخ کے الزامات پر خاموشی توڑ دی
https://www.independenturdu.com/,تعلیم مکمل کرنے کے لیے 17 فلسطینی طلبہ کی پاکستان آمد
https://www.independenturdu.com/,پشاور: بینک کی گاڑی سے کروڑوں کی ڈکیتی، ملزمان چند گھنٹوں میں کیسے گرفتار ہوئے؟
https://www.independenturdu.com/,یمن پر حملے کا منصوبہ ایک صحافی کو کیسے لیک ہوا؟
https://www.independenturdu.com/,پاکستان سے بھکاری کن ممالک کا اور کیسے رخ کرتے ہیں؟
https://www.independenturdu.com/,ایڈولیسنس: وہ سیریز جسے برطانوی پارلیمان میں دکھانے کا مطالبہ کیا جا رہا ہے
https://www.independenturdu.com/,’حماس کے اسرائیل پر دہشت گرد حملے‘: شاہ زیب خانزادہ کے الفاظ پر سوشل میڈیا پر تنقید
https://www.independenturdu.com/,افغانستان کے ’ملک ریاض‘ اپنے ملک کو بچانے کے لیے کوشاں
https://www.independenturdu.com/,تحفظات دور کرنے کے لیے افغان حکومت سے مسلسل بات چیت اہم: اسحاق ڈار
https://www.independenturdu.com/,اسرائیلی حملے میں ایک اور صحافی قتل، اقوام متحدہ غزہ میں اپنے عملے میں کمی کرے گا
https://www.independenturdu.com/,ٹونی فرانسس ٹرمپ میڈیا کی آواز کیوں بند کر رہے ہیں؟
https://www.bbc.com/urdu,پاکستان میں کس کس کو سرکاری اعزاز سے نوازا گیا اور اس پر اعتراض کیوں؟
https://www.bbc.com/urdu,طورخم سرحد پر درجنوں افغان بچوں کی دراندازی پر تنازع: وہ بچے جو ’چند سو روپے کے لیے‘ اپنی جان پر کھیل جاتے ہیں
https://www.bbc.com/urdu,جب یورپ کھالوں پر لکھتا تھا اور مسلمان دانشوروں نے وہاں کاغذ متعارف کروایا
https://www.bbc.com/urdu,خطرناک گیس کا اخراج اور نہ تھمنے والی بدبو: لاہور میں محمود بوٹی کا 14 ملین ٹن کوڑے کا پہاڑ مٹی میں کیسے دبایا گیا؟
https://www.bbc.com/urdu,انڈیا میں آر ایس ایس دارا شکوہ کو اورنگزیب پر ترجیح دلانا کیوں چاہتی ہے؟
https://www.bbc.com/urdu,افغان طالبان کی قید میں برطانوی جوڑا: ’والدہ کو دن میں صرف ایک وقت کا کھانا دیا جا رہا ہے‘
https://www.bbc.com/urdu,بھگت سنگھ کے ساتھ پھانسی پانے والا ’خاموش ہیرو‘ سکھ دیو کون تھا؟
https://www.bbc.com/urdu,زلمے خلیل زاد کی کابل واپسی: امریکہ اور طالبان کے تعلقات کسی حکمت عملی کا حصہ ہیں یا محض ایک وقتی چال
https://www.bbc.com/urdu,بنگلہ دیشی کرکٹر تمیم اقبال کو میچ کے دوران دل کا دورہ: ’ہسپتال لے جانے کے لیے ہیلی کاپٹر کا انتظام بھی کیا گیا تھا‘
https://www.bbc.com/urdu,’میری ماں میرے گہری رنگت والے بچوں سے کم جبکہ میری بہن کے گورے بچوں سے زیادہ پیار کرتی تھیں‘
https://www.bbc.com/urdu,امریکہ کے ’مہلک ترین‘ جنگی طیارے ایف 47 کا اربوں ڈالر کا نیا معاہدہ: ’اتحادی اسے خریدنے کے لیے بار بار کالز کر رہے ہیں‘
https://www.bbc.com/urdu,آٹھ سال تک مفلوج رہنے کے بعد ایک چپ کی مدد سے لوگوں کے دماغ پڑھنے والا نوجوان: ’اب مسئلہ رازداری کا ہے‘
https://loksujag.com/,طویل لوڈ شیڈنگ سے دنیا کی چھٹی بڑی سولر مارکیٹ بننے کا سفر: کیا نئی پالیسی سے 'سولر سونامی' تھم جائے گا؟
